Ref_Date,GEO,COMP,Vector,Coordinate,Value
1914,Canada,"Horses on farm (x 1,000)",v62200,1.1,2992.00
1915,Canada,"Horses on farm (x 1,000)",v62200,1.1,3115.00
1916,Canada,"Horses on farm (x 1,000)",v62200,1.1,3167.00
1917,Canada,"Horses on farm (x 1,000)",v62200,1.1,3210.00
1918,Canada,"Horses on farm (x 1,000)",v62200,1.1,3346.00
1919,Canada,"Horses on farm (x 1,000)",v62200,1.1,3445.00
1920,Canada,"Horses on farm (x 1,000)",v62200,1.1,3404.00
1921,Canada,"Horses on farm (x 1,000)",v62200,1.1,3452.00
1922,Canada,"Horses on farm (x 1,000)",v62200,1.1,3401.00
1923,Canada,"Horses on farm (x 1,000)",v62200,1.1,3341.00
1924,Canada,"Horses on farm (x 1,000)",v62200,1.1,3384.00
1925,Canada,"Horses on farm (x 1,000)",v62200,1.1,3348.00
1926,Canada,"Horses on farm (x 1,000)",v62200,1.1,3361.00
1927,Canada,"Horses on farm (x 1,000)",v62200,1.1,3297.00
1928,Canada,"Horses on farm (x 1,000)",v62200,1.1,3265.00
1929,Canada,"Horses on farm (x 1,000)",v62200,1.1,3264.00
1930,Canada,"Horses on farm (x 1,000)",v62200,1.1,3191.00
1931,Canada,"Horses on farm (x 1,000)",v62200,1.1,3114.00
1932,Canada,"Horses on farm (x 1,000)",v62200,1.1,3084.00
1933,Canada,"Horses on farm (x 1,000)",v62200,1.1,2973.00
1934,Canada,"Horses on farm (x 1,000)",v62200,1.1,2918.00
1935,Canada,"Horses on farm (x 1,000)",v62200,1.1,2911.00
1936,Canada,"Horses on farm (x 1,000)",v62200,1.1,2878.00
1937,Canada,"Horses on farm (x 1,000)",v62200,1.1,2845.00
1938,Canada,"Horses on farm (x 1,000)",v62200,1.1,2770.00
1939,Canada,"Horses on farm (x 1,000)",v62200,1.1,2761.00
1940,Canada,"Horses on farm (x 1,000)",v62200,1.1,2780.00
1941,Canada,"Horses on farm (x 1,000)",v62200,1.1,2789.00
1942,Canada,"Horses on farm (x 1,000)",v62200,1.1,2759.00
1943,Canada,"Horses on farm (x 1,000)",v62200,1.1,2667.00
1944,Canada,"Horses on farm (x 1,000)",v62200,1.1,2568.00
1945,Canada,"Horses on farm (x 1,000)",v62200,1.1,2374.00
1946,Canada,"Horses on farm (x 1,000)",v62200,1.1,2136.00
1947,Canada,"Horses on farm (x 1,000)",v62200,1.1,1937.00
1948,Canada,"Horses on farm (x 1,000)",v62200,1.1,1789.00
1949,Canada,"Horses on farm (x 1,000)",v62200,1.1,1642.00
1950,Canada,"Horses on farm (x 1,000)",v62200,1.1,1496.00
1951,Canada,"Horses on farm (x 1,000)",v62200,1.1,1304.00
1952,Canada,"Horses on farm (x 1,000)",v62200,1.1,1179.00
1953,Canada,"Horses on farm (x 1,000)",v62200,1.1,1055.00
1954,Canada,"Horses on farm (x 1,000)",v62200,1.1,917.00
1955,Canada,"Horses on farm (x 1,000)",v62200,1.1,832.00
1956,Canada,"Horses on farm (x 1,000)",v62200,1.1,782.00
1957,Canada,"Horses on farm (x 1,000)",v62200,1.1,722.00
1958,Canada,"Horses on farm (x 1,000)",v62200,1.1,661.00
1959,Canada,"Horses on farm (x 1,000)",v62200,1.1,598.00
1960,Canada,"Horses on farm (x 1,000)",v62200,1.1,552.00
1961,Canada,"Horses on farm (x 1,000)",v62200,1.1,511.00
1962,Canada,"Horses on farm (x 1,000)",v62200,1.1,478.00
1963,Canada,"Horses on farm (x 1,000)",v62200,1.1,451.00
1964,Canada,"Horses on farm (x 1,000)",v62200,1.1,431.00
1965,Canada,"Horses on farm (x 1,000)",v62200,1.1,403.00
1966,Canada,"Horses on farm (x 1,000)",v62200,1.1,386.00
1967,Canada,"Horses on farm (x 1,000)",v62200,1.1,370.00
1968,Canada,"Horses on farm (x 1,000)",v62200,1.1,360.00
1969,Canada,"Horses on farm (x 1,000)",v62200,1.1,359.00
1970,Canada,"Horses on farm (x 1,000)",v62200,1.1,358.00
1971,Canada,"Horses on farm (x 1,000)",v62200,1.1,354.00
1972,Canada,"Horses on farm (x 1,000)",v62200,1.1,350.00
1973,Canada,"Horses on farm (x 1,000)",v62200,1.1,342.00
1914,Canada,Farm value per head (dollars),v62204,1.2,127.00
1915,Canada,Farm value per head (dollars),v62204,1.2,126.00
1916,Canada,Farm value per head (dollars),v62204,1.2,129.00
1917,Canada,Farm value per head (dollars),v62204,1.2,126.00
1918,Canada,Farm value per head (dollars),v62204,1.2,127.00
1919,Canada,Farm value per head (dollars),v62204,1.2,118.00
1920,Canada,Farm value per head (dollars),v62204,1.2,106.00
1921,Canada,Farm value per head (dollars),v62204,1.2,120.00
1922,Canada,Farm value per head (dollars),v62204,1.2,73.00
1923,Canada,Farm value per head (dollars),v62204,1.2,64.00
1924,Canada,Farm value per head (dollars),v62204,1.2,64.00
1925,Canada,Farm value per head (dollars),v62204,1.2,69.00
1926,Canada,Farm value per head (dollars),v62204,1.2,72.00
1927,Canada,Farm value per head (dollars),v62204,1.2,76.00
1928,Canada,Farm value per head (dollars),v62204,1.2,75.00
1929,Canada,Farm value per head (dollars),v62204,1.2,69.00
1930,Canada,Farm value per head (dollars),v62204,1.2,60.00
1931,Canada,Farm value per head (dollars),v62204,1.2,66.00
1932,Canada,Farm value per head (dollars),v62204,1.2,46.00
1933,Canada,Farm value per head (dollars),v62204,1.2,52.00
1934,Canada,Farm value per head (dollars),v62204,1.2,57.00
1935,Canada,Farm value per head (dollars),v62204,1.2,65.00
1936,Canada,Farm value per head (dollars),v62204,1.2,72.00
1937,Canada,Farm value per head (dollars),v62204,1.2,72.00
1938,Canada,Farm value per head (dollars),v62204,1.2,71.00
1939,Canada,Farm value per head (dollars),v62204,1.2,67.00
1940,Canada,Farm value per head (dollars),v62204,1.2,63.00
1941,Canada,Farm value per head (dollars),v62204,1.2,66.00
1942,Canada,Farm value per head (dollars),v62204,1.2,69.00
1943,Canada,Farm value per head (dollars),v62204,1.2,81.00
1944,Canada,Farm value per head (dollars),v62204,1.2,76.00
1945,Canada,Farm value per head (dollars),v62204,1.2,70.00
1946,Canada,Farm value per head (dollars),v62204,1.2,74.00
1947,Canada,Farm value per head (dollars),v62204,1.2,77.00
1948,Canada,Farm value per head (dollars),v62204,1.2,77.00
1949,Canada,Farm value per head (dollars),v62204,1.2,75.00
1950,Canada,Farm value per head (dollars),v62204,1.2,69.00
1951,Canada,Farm value per head (dollars),v62204,1.2,72.00
1952,Canada,Farm value per head (dollars),v62204,1.2,80.00
1953,Canada,Farm value per head (dollars),v62204,1.2,81.00
1954,Canada,Farm value per head (dollars),v62204,1.2,79.00
1955,Canada,Farm value per head (dollars),v62204,1.2,91.00
1956,Canada,Farm value per head (dollars),v62204,1.2,95.00
1957,Canada,Farm value per head (dollars),v62204,1.2,102.00
1958,Canada,Farm value per head (dollars),v62204,1.2,111.00
1959,Canada,Farm value per head (dollars),v62204,1.2,122.00
1960,Canada,Farm value per head (dollars),v62204,1.2,131.00
1961,Canada,Farm value per head (dollars),v62204,1.2,133.00
1962,Canada,Farm value per head (dollars),v62204,1.2,139.00
1963,Canada,Farm value per head (dollars),v62204,1.2,141.00
1964,Canada,Farm value per head (dollars),v62204,1.2,145.00
1965,Canada,Farm value per head (dollars),v62204,1.2,146.00
1966,Canada,Farm value per head (dollars),v62204,1.2,148.00
1967,Canada,Farm value per head (dollars),v62204,1.2,160.00
1968,Canada,Farm value per head (dollars),v62204,1.2,162.00
1969,Canada,Farm value per head (dollars),v62204,1.2,167.00
1970,Canada,Farm value per head (dollars),v62204,1.2,166.00
1971,Canada,Farm value per head (dollars),v62204,1.2,160.00
1972,Canada,Farm value per head (dollars),v62204,1.2,173.00
1973,Canada,Farm value per head (dollars),v62204,1.2,218.00
1914,Canada,"Total value of horses (dollars x 1,000)",v62205,1.3,379965.00
1915,Canada,"Total value of horses (dollars x 1,000)",v62205,1.3,392393.00
1916,Canada,"Total value of horses (dollars x 1,000)",v62205,1.3,408651.00
1917,Canada,"Total value of horses (dollars x 1,000)",v62205,1.3,404941.00
1918,Canada,"Total value of horses (dollars x 1,000)",v62205,1.3,425124.00
1919,Canada,"Total value of horses (dollars x 1,000)",v62205,1.3,407189.00
1920,Canada,"Total value of horses (dollars x 1,000)",v62205,1.3,359248.00
1921,Canada,"Total value of horses (dollars x 1,000)",v62205,1.3,414808.00
1922,Canada,"Total value of horses (dollars x 1,000)",v62205,1.3,246631.00
1923,Canada,"Total value of horses (dollars x 1,000)",v62205,1.3,212210.00
1924,Canada,"Total value of horses (dollars x 1,000)",v62205,1.3,217590.00
1925,Canada,"Total value of horses (dollars x 1,000)",v62205,1.3,232529.00
1926,Canada,"Total value of horses (dollars x 1,000)",v62205,1.3,241288.00
1927,Canada,"Total value of horses (dollars x 1,000)",v62205,1.3,250593.00
1928,Canada,"Total value of horses (dollars x 1,000)",v62205,1.3,245792.00
1929,Canada,"Total value of horses (dollars x 1,000)",v62205,1.3,226047.00
1930,Canada,"Total value of horses (dollars x 1,000)",v62205,1.3,193074.00
1931,Canada,"Total value of horses (dollars x 1,000)",v62205,1.3,205087.00
1932,Canada,"Total value of horses (dollars x 1,000)",v62205,1.3,141512.00
1933,Canada,"Total value of horses (dollars x 1,000)",v62205,1.3,153687.00
1934,Canada,"Total value of horses (dollars x 1,000)",v62205,1.3,167370.00
1935,Canada,"Total value of horses (dollars x 1,000)",v62205,1.3,188181.00
1936,Canada,"Total value of horses (dollars x 1,000)",v62205,1.3,206990.00
1937,Canada,"Total value of horses (dollars x 1,000)",v62205,1.3,204310.00
1938,Canada,"Total value of horses (dollars x 1,000)",v62205,1.3,195631.00
1939,Canada,"Total value of horses (dollars x 1,000)",v62205,1.3,185783.00
1940,Canada,"Total value of horses (dollars x 1,000)",v62205,1.3,175697.00
1941,Canada,"Total value of horses (dollars x 1,000)",v62205,1.3,184441.00
1942,Canada,"Total value of horses (dollars x 1,000)",v62205,1.3,189224.00
1943,Canada,"Total value of horses (dollars x 1,000)",v62205,1.3,215204.00
1944,Canada,"Total value of horses (dollars x 1,000)",v62205,1.3,194739.00
1945,Canada,"Total value of horses (dollars x 1,000)",v62205,1.3,165747.00
1946,Canada,"Total value of horses (dollars x 1,000)",v62205,1.3,157975.00
1947,Canada,"Total value of horses (dollars x 1,000)",v62205,1.3,148757.00
1948,Canada,"Total value of horses (dollars x 1,000)",v62205,1.3,137168.00
1949,Canada,"Total value of horses (dollars x 1,000)",v62205,1.3,122644.00
1950,Canada,"Total value of horses (dollars x 1,000)",v62205,1.3,102932.00
1951,Canada,"Total value of horses (dollars x 1,000)",v62205,1.3,94130.00
1952,Canada,"Total value of horses (dollars x 1,000)",v62205,1.3,94820.00
1953,Canada,"Total value of horses (dollars x 1,000)",v62205,1.3,85126.00
1954,Canada,"Total value of horses (dollars x 1,000)",v62205,1.3,72929.00
1955,Canada,"Total value of horses (dollars x 1,000)",v62205,1.3,75867.00
1956,Canada,"Total value of horses (dollars x 1,000)",v62205,1.3,74384.00
1957,Canada,"Total value of horses (dollars x 1,000)",v62205,1.3,73381.00
1958,Canada,"Total value of horses (dollars x 1,000)",v62205,1.3,73084.00
1959,Canada,"Total value of horses (dollars x 1,000)",v62205,1.3,72700.00
1960,Canada,"Total value of horses (dollars x 1,000)",v62205,1.3,72324.00
1961,Canada,"Total value of horses (dollars x 1,000)",v62205,1.3,68051.00
1962,Canada,"Total value of horses (dollars x 1,000)",v62205,1.3,66294.00
1963,Canada,"Total value of horses (dollars x 1,000)",v62205,1.3,63621.00
1964,Canada,"Total value of horses (dollars x 1,000)",v62205,1.3,62373.00
1965,Canada,"Total value of horses (dollars x 1,000)",v62205,1.3,58640.00
1966,Canada,"Total value of horses (dollars x 1,000)",v62205,1.3,57351.00
1967,Canada,"Total value of horses (dollars x 1,000)",v62205,1.3,59137.00
1968,Canada,"Total value of horses (dollars x 1,000)",v62205,1.3,59244.00
1969,Canada,"Total value of horses (dollars x 1,000)",v62205,1.3,60082.00
1970,Canada,"Total value of horses (dollars x 1,000)",v62205,1.3,59221.00
1971,Canada,"Total value of horses (dollars x 1,000)",v62205,1.3,56608.00
1972,Canada,"Total value of horses (dollars x 1,000)",v62205,1.3,60687.00
1973,Canada,"Total value of horses (dollars x 1,000)",v62205,1.3,74706.00
1914,Prince Edward Island,Farm value per head (dollars),v62206,2.2,111.00
1915,Prince Edward Island,Farm value per head (dollars),v62206,2.2,106.00
1916,Prince Edward Island,Farm value per head (dollars),v62206,2.2,87.00
1917,Prince Edward Island,Farm value per head (dollars),v62206,2.2,88.00
1918,Prince Edward Island,Farm value per head (dollars),v62206,2.2,103.00
1919,Prince Edward Island,Farm value per head (dollars),v62206,2.2,114.00
1920,Prince Edward Island,Farm value per head (dollars),v62206,2.2,109.00
1921,Prince Edward Island,Farm value per head (dollars),v62206,2.2,127.00
1922,Prince Edward Island,Farm value per head (dollars),v62206,2.2,92.00
1923,Prince Edward Island,Farm value per head (dollars),v62206,2.2,80.00
1924,Prince Edward Island,Farm value per head (dollars),v62206,2.2,85.00
1925,Prince Edward Island,Farm value per head (dollars),v62206,2.2,84.00
1926,Prince Edward Island,Farm value per head (dollars),v62206,2.2,91.00
1927,Prince Edward Island,Farm value per head (dollars),v62206,2.2,91.00
1928,Prince Edward Island,Farm value per head (dollars),v62206,2.2,101.00
1929,Prince Edward Island,Farm value per head (dollars),v62206,2.2,96.00
1930,Prince Edward Island,Farm value per head (dollars),v62206,2.2,92.00
1931,Prince Edward Island,Farm value per head (dollars),v62206,2.2,108.00
1932,Prince Edward Island,Farm value per head (dollars),v62206,2.2,56.00
1933,Prince Edward Island,Farm value per head (dollars),v62206,2.2,64.00
1934,Prince Edward Island,Farm value per head (dollars),v62206,2.2,76.00
1935,Prince Edward Island,Farm value per head (dollars),v62206,2.2,82.00
1936,Prince Edward Island,Farm value per head (dollars),v62206,2.2,90.00
1937,Prince Edward Island,Farm value per head (dollars),v62206,2.2,91.00
1938,Prince Edward Island,Farm value per head (dollars),v62206,2.2,94.00
1939,Prince Edward Island,Farm value per head (dollars),v62206,2.2,96.00
1940,Prince Edward Island,Farm value per head (dollars),v62206,2.2,87.00
1941,Prince Edward Island,Farm value per head (dollars),v62206,2.2,99.00
1942,Prince Edward Island,Farm value per head (dollars),v62206,2.2,105.00
1943,Prince Edward Island,Farm value per head (dollars),v62206,2.2,111.00
1944,Prince Edward Island,Farm value per head (dollars),v62206,2.2,113.00
1945,Prince Edward Island,Farm value per head (dollars),v62206,2.2,115.00
1946,Prince Edward Island,Farm value per head (dollars),v62206,2.2,114.00
1947,Prince Edward Island,Farm value per head (dollars),v62206,2.2,109.00
1948,Prince Edward Island,Farm value per head (dollars),v62206,2.2,104.00
1949,Prince Edward Island,Farm value per head (dollars),v62206,2.2,105.00
1950,Prince Edward Island,Farm value per head (dollars),v62206,2.2,96.00
1951,Prince Edward Island,Farm value per head (dollars),v62206,2.2,89.00
1952,Prince Edward Island,Farm value per head (dollars),v62206,2.2,102.00
1953,Prince Edward Island,Farm value per head (dollars),v62206,2.2,89.00
1954,Prince Edward Island,Farm value per head (dollars),v62206,2.2,80.00
1955,Prince Edward Island,Farm value per head (dollars),v62206,2.2,85.00
1956,Prince Edward Island,Farm value per head (dollars),v62206,2.2,91.00
1957,Prince Edward Island,Farm value per head (dollars),v62206,2.2,92.00
1958,Prince Edward Island,Farm value per head (dollars),v62206,2.2,95.00
1959,Prince Edward Island,Farm value per head (dollars),v62206,2.2,109.00
1960,Prince Edward Island,Farm value per head (dollars),v62206,2.2,124.00
1961,Prince Edward Island,Farm value per head (dollars),v62206,2.2,120.00
1962,Prince Edward Island,Farm value per head (dollars),v62206,2.2,122.00
1963,Prince Edward Island,Farm value per head (dollars),v62206,2.2,127.00
1964,Prince Edward Island,Farm value per head (dollars),v62206,2.2,137.00
1965,Prince Edward Island,Farm value per head (dollars),v62206,2.2,145.00
1966,Prince Edward Island,Farm value per head (dollars),v62206,2.2,140.00
1967,Prince Edward Island,Farm value per head (dollars),v62206,2.2,143.00
1968,Prince Edward Island,Farm value per head (dollars),v62206,2.2,146.00
1969,Prince Edward Island,Farm value per head (dollars),v62206,2.2,154.00
1970,Prince Edward Island,Farm value per head (dollars),v62206,2.2,157.00
1971,Prince Edward Island,Farm value per head (dollars),v62206,2.2,151.00
1972,Prince Edward Island,Farm value per head (dollars),v62206,2.2,173.00
1973,Prince Edward Island,Farm value per head (dollars),v62206,2.2,212.00
1914,Nova Scotia,Farm value per head (dollars),v62207,3.2,121.00
1915,Nova Scotia,Farm value per head (dollars),v62207,3.2,120.00
1916,Nova Scotia,Farm value per head (dollars),v62207,3.2,108.00
1917,Nova Scotia,Farm value per head (dollars),v62207,3.2,111.00
1918,Nova Scotia,Farm value per head (dollars),v62207,3.2,117.00
1919,Nova Scotia,Farm value per head (dollars),v62207,3.2,127.00
1920,Nova Scotia,Farm value per head (dollars),v62207,3.2,119.00
1921,Nova Scotia,Farm value per head (dollars),v62207,3.2,128.00
1922,Nova Scotia,Farm value per head (dollars),v62207,3.2,95.00
1923,Nova Scotia,Farm value per head (dollars),v62207,3.2,96.00
1924,Nova Scotia,Farm value per head (dollars),v62207,3.2,93.00
1925,Nova Scotia,Farm value per head (dollars),v62207,3.2,94.00
1926,Nova Scotia,Farm value per head (dollars),v62207,3.2,93.00
1927,Nova Scotia,Farm value per head (dollars),v62207,3.2,107.00
1928,Nova Scotia,Farm value per head (dollars),v62207,3.2,111.00
1929,Nova Scotia,Farm value per head (dollars),v62207,3.2,102.00
1930,Nova Scotia,Farm value per head (dollars),v62207,3.2,98.00
1931,Nova Scotia,Farm value per head (dollars),v62207,3.2,92.00
1932,Nova Scotia,Farm value per head (dollars),v62207,3.2,80.00
1933,Nova Scotia,Farm value per head (dollars),v62207,3.2,80.00
1934,Nova Scotia,Farm value per head (dollars),v62207,3.2,83.00
1935,Nova Scotia,Farm value per head (dollars),v62207,3.2,88.00
1936,Nova Scotia,Farm value per head (dollars),v62207,3.2,94.00
1937,Nova Scotia,Farm value per head (dollars),v62207,3.2,102.00
1938,Nova Scotia,Farm value per head (dollars),v62207,3.2,100.00
1939,Nova Scotia,Farm value per head (dollars),v62207,3.2,102.00
1940,Nova Scotia,Farm value per head (dollars),v62207,3.2,96.00
1941,Nova Scotia,Farm value per head (dollars),v62207,3.2,102.00
1942,Nova Scotia,Farm value per head (dollars),v62207,3.2,115.00
1943,Nova Scotia,Farm value per head (dollars),v62207,3.2,139.00
1944,Nova Scotia,Farm value per head (dollars),v62207,3.2,140.00
1945,Nova Scotia,Farm value per head (dollars),v62207,3.2,144.00
1946,Nova Scotia,Farm value per head (dollars),v62207,3.2,153.00
1947,Nova Scotia,Farm value per head (dollars),v62207,3.2,153.00
1948,Nova Scotia,Farm value per head (dollars),v62207,3.2,139.00
1949,Nova Scotia,Farm value per head (dollars),v62207,3.2,133.00
1950,Nova Scotia,Farm value per head (dollars),v62207,3.2,142.00
1951,Nova Scotia,Farm value per head (dollars),v62207,3.2,116.00
1952,Nova Scotia,Farm value per head (dollars),v62207,3.2,131.00
1953,Nova Scotia,Farm value per head (dollars),v62207,3.2,124.00
1954,Nova Scotia,Farm value per head (dollars),v62207,3.2,118.00
1955,Nova Scotia,Farm value per head (dollars),v62207,3.2,119.00
1956,Nova Scotia,Farm value per head (dollars),v62207,3.2,119.00
1957,Nova Scotia,Farm value per head (dollars),v62207,3.2,119.00
1958,Nova Scotia,Farm value per head (dollars),v62207,3.2,118.00
1959,Nova Scotia,Farm value per head (dollars),v62207,3.2,135.00
1960,Nova Scotia,Farm value per head (dollars),v62207,3.2,142.00
1961,Nova Scotia,Farm value per head (dollars),v62207,3.2,139.00
1962,Nova Scotia,Farm value per head (dollars),v62207,3.2,151.00
1963,Nova Scotia,Farm value per head (dollars),v62207,3.2,160.00
1964,Nova Scotia,Farm value per head (dollars),v62207,3.2,180.00
1965,Nova Scotia,Farm value per head (dollars),v62207,3.2,187.00
1966,Nova Scotia,Farm value per head (dollars),v62207,3.2,192.00
1967,Nova Scotia,Farm value per head (dollars),v62207,3.2,189.00
1968,Nova Scotia,Farm value per head (dollars),v62207,3.2,195.00
1969,Nova Scotia,Farm value per head (dollars),v62207,3.2,211.00
1970,Nova Scotia,Farm value per head (dollars),v62207,3.2,220.00
1971,Nova Scotia,Farm value per head (dollars),v62207,3.2,216.00
1972,Nova Scotia,Farm value per head (dollars),v62207,3.2,228.00
1973,Nova Scotia,Farm value per head (dollars),v62207,3.2,262.00
1914,New Brunswick,Farm value per head (dollars),v62208,4.2,138.00
1915,New Brunswick,Farm value per head (dollars),v62208,4.2,137.00
1916,New Brunswick,Farm value per head (dollars),v62208,4.2,126.00
1917,New Brunswick,Farm value per head (dollars),v62208,4.2,126.00
1918,New Brunswick,Farm value per head (dollars),v62208,4.2,141.00
1919,New Brunswick,Farm value per head (dollars),v62208,4.2,138.00
1920,New Brunswick,Farm value per head (dollars),v62208,4.2,139.00
1921,New Brunswick,Farm value per head (dollars),v62208,4.2,144.00
1922,New Brunswick,Farm value per head (dollars),v62208,4.2,110.00
1923,New Brunswick,Farm value per head (dollars),v62208,4.2,99.00
1924,New Brunswick,Farm value per head (dollars),v62208,4.2,106.00
1925,New Brunswick,Farm value per head (dollars),v62208,4.2,101.00
1926,New Brunswick,Farm value per head (dollars),v62208,4.2,109.00
1927,New Brunswick,Farm value per head (dollars),v62208,4.2,116.00
1928,New Brunswick,Farm value per head (dollars),v62208,4.2,120.00
1929,New Brunswick,Farm value per head (dollars),v62208,4.2,114.00
1930,New Brunswick,Farm value per head (dollars),v62208,4.2,101.00
1931,New Brunswick,Farm value per head (dollars),v62208,4.2,105.00
1932,New Brunswick,Farm value per head (dollars),v62208,4.2,80.00
1933,New Brunswick,Farm value per head (dollars),v62208,4.2,88.00
1934,New Brunswick,Farm value per head (dollars),v62208,4.2,87.00
1935,New Brunswick,Farm value per head (dollars),v62208,4.2,105.00
1936,New Brunswick,Farm value per head (dollars),v62208,4.2,111.00
1937,New Brunswick,Farm value per head (dollars),v62208,4.2,114.00
1938,New Brunswick,Farm value per head (dollars),v62208,4.2,114.00
1939,New Brunswick,Farm value per head (dollars),v62208,4.2,118.00
1940,New Brunswick,Farm value per head (dollars),v62208,4.2,110.00
1941,New Brunswick,Farm value per head (dollars),v62208,4.2,111.00
1942,New Brunswick,Farm value per head (dollars),v62208,4.2,113.00
1943,New Brunswick,Farm value per head (dollars),v62208,4.2,144.00
1944,New Brunswick,Farm value per head (dollars),v62208,4.2,143.00
1945,New Brunswick,Farm value per head (dollars),v62208,4.2,142.00
1946,New Brunswick,Farm value per head (dollars),v62208,4.2,146.00
1947,New Brunswick,Farm value per head (dollars),v62208,4.2,128.00
1948,New Brunswick,Farm value per head (dollars),v62208,4.2,127.00
1949,New Brunswick,Farm value per head (dollars),v62208,4.2,120.00
1950,New Brunswick,Farm value per head (dollars),v62208,4.2,108.00
1951,New Brunswick,Farm value per head (dollars),v62208,4.2,117.00
1952,New Brunswick,Farm value per head (dollars),v62208,4.2,129.00
1953,New Brunswick,Farm value per head (dollars),v62208,4.2,120.00
1954,New Brunswick,Farm value per head (dollars),v62208,4.2,108.00
1955,New Brunswick,Farm value per head (dollars),v62208,4.2,116.00
1956,New Brunswick,Farm value per head (dollars),v62208,4.2,119.00
1957,New Brunswick,Farm value per head (dollars),v62208,4.2,121.00
1958,New Brunswick,Farm value per head (dollars),v62208,4.2,134.00
1959,New Brunswick,Farm value per head (dollars),v62208,4.2,151.00
1960,New Brunswick,Farm value per head (dollars),v62208,4.2,163.00
1961,New Brunswick,Farm value per head (dollars),v62208,4.2,167.00
1962,New Brunswick,Farm value per head (dollars),v62208,4.2,174.00
1963,New Brunswick,Farm value per head (dollars),v62208,4.2,182.00
1964,New Brunswick,Farm value per head (dollars),v62208,4.2,198.00
1965,New Brunswick,Farm value per head (dollars),v62208,4.2,206.00
1966,New Brunswick,Farm value per head (dollars),v62208,4.2,212.00
1967,New Brunswick,Farm value per head (dollars),v62208,4.2,211.00
1968,New Brunswick,Farm value per head (dollars),v62208,4.2,225.00
1969,New Brunswick,Farm value per head (dollars),v62208,4.2,234.00
1970,New Brunswick,Farm value per head (dollars),v62208,4.2,235.00
1971,New Brunswick,Farm value per head (dollars),v62208,4.2,234.00
1972,New Brunswick,Farm value per head (dollars),v62208,4.2,250.00
1973,New Brunswick,Farm value per head (dollars),v62208,4.2,292.00
1914,Quebec,Farm value per head (dollars),v62209,5.2,135.00
1915,Quebec,Farm value per head (dollars),v62209,5.2,112.00
1916,Quebec,Farm value per head (dollars),v62209,5.2,115.00
1917,Quebec,Farm value per head (dollars),v62209,5.2,132.00
1918,Quebec,Farm value per head (dollars),v62209,5.2,131.00
1919,Quebec,Farm value per head (dollars),v62209,5.2,134.00
1920,Quebec,Farm value per head (dollars),v62209,5.2,128.00
1921,Quebec,Farm value per head (dollars),v62209,5.2,142.00
1922,Quebec,Farm value per head (dollars),v62209,5.2,100.00
1923,Quebec,Farm value per head (dollars),v62209,5.2,97.00
1924,Quebec,Farm value per head (dollars),v62209,5.2,98.00
1925,Quebec,Farm value per head (dollars),v62209,5.2,98.00
1926,Quebec,Farm value per head (dollars),v62209,5.2,101.00
1927,Quebec,Farm value per head (dollars),v62209,5.2,106.00
1928,Quebec,Farm value per head (dollars),v62209,5.2,108.00
1929,Quebec,Farm value per head (dollars),v62209,5.2,106.00
1930,Quebec,Farm value per head (dollars),v62209,5.2,95.00
1931,Quebec,Farm value per head (dollars),v62209,5.2,104.00
1932,Quebec,Farm value per head (dollars),v62209,5.2,90.00
1933,Quebec,Farm value per head (dollars),v62209,5.2,96.00
1934,Quebec,Farm value per head (dollars),v62209,5.2,107.00
1935,Quebec,Farm value per head (dollars),v62209,5.2,120.00
1936,Quebec,Farm value per head (dollars),v62209,5.2,112.00
1937,Quebec,Farm value per head (dollars),v62209,5.2,117.00
1938,Quebec,Farm value per head (dollars),v62209,5.2,114.00
1939,Quebec,Farm value per head (dollars),v62209,5.2,109.00
1940,Quebec,Farm value per head (dollars),v62209,5.2,117.00
1941,Quebec,Farm value per head (dollars),v62209,5.2,112.00
1942,Quebec,Farm value per head (dollars),v62209,5.2,114.00
1943,Quebec,Farm value per head (dollars),v62209,5.2,138.00
1944,Quebec,Farm value per head (dollars),v62209,5.2,137.00
1945,Quebec,Farm value per head (dollars),v62209,5.2,134.00
1946,Quebec,Farm value per head (dollars),v62209,5.2,134.00
1947,Quebec,Farm value per head (dollars),v62209,5.2,131.00
1948,Quebec,Farm value per head (dollars),v62209,5.2,125.00
1949,Quebec,Farm value per head (dollars),v62209,5.2,120.00
1950,Quebec,Farm value per head (dollars),v62209,5.2,117.00
1951,Quebec,Farm value per head (dollars),v62209,5.2,125.00
1952,Quebec,Farm value per head (dollars),v62209,5.2,142.00
1953,Quebec,Farm value per head (dollars),v62209,5.2,141.00
1954,Quebec,Farm value per head (dollars),v62209,5.2,139.00
1955,Quebec,Farm value per head (dollars),v62209,5.2,145.00
1956,Quebec,Farm value per head (dollars),v62209,5.2,148.00
1957,Quebec,Farm value per head (dollars),v62209,5.2,152.00
1958,Quebec,Farm value per head (dollars),v62209,5.2,162.00
1959,Quebec,Farm value per head (dollars),v62209,5.2,178.00
1960,Quebec,Farm value per head (dollars),v62209,5.2,199.00
1961,Quebec,Farm value per head (dollars),v62209,5.2,195.00
1962,Quebec,Farm value per head (dollars),v62209,5.2,209.00
1963,Quebec,Farm value per head (dollars),v62209,5.2,207.00
1964,Quebec,Farm value per head (dollars),v62209,5.2,206.00
1965,Quebec,Farm value per head (dollars),v62209,5.2,210.00
1966,Quebec,Farm value per head (dollars),v62209,5.2,208.00
1967,Quebec,Farm value per head (dollars),v62209,5.2,226.00
1968,Quebec,Farm value per head (dollars),v62209,5.2,226.00
1969,Quebec,Farm value per head (dollars),v62209,5.2,228.00
1970,Quebec,Farm value per head (dollars),v62209,5.2,229.00
1971,Quebec,Farm value per head (dollars),v62209,5.2,221.00
1972,Quebec,Farm value per head (dollars),v62209,5.2,223.00
1973,Quebec,Farm value per head (dollars),v62209,5.2,284.00
1914,Ontario,Farm value per head (dollars),v62210,6.2,116.00
1915,Ontario,Farm value per head (dollars),v62210,6.2,120.00
1916,Ontario,Farm value per head (dollars),v62210,6.2,125.00
1917,Ontario,Farm value per head (dollars),v62210,6.2,113.00
1918,Ontario,Farm value per head (dollars),v62210,6.2,111.00
1919,Ontario,Farm value per head (dollars),v62210,6.2,110.00
1920,Ontario,Farm value per head (dollars),v62210,6.2,108.00
1921,Ontario,Farm value per head (dollars),v62210,6.2,123.00
1922,Ontario,Farm value per head (dollars),v62210,6.2,90.00
1923,Ontario,Farm value per head (dollars),v62210,6.2,84.00
1924,Ontario,Farm value per head (dollars),v62210,6.2,80.00
1925,Ontario,Farm value per head (dollars),v62210,6.2,89.00
1926,Ontario,Farm value per head (dollars),v62210,6.2,95.00
1927,Ontario,Farm value per head (dollars),v62210,6.2,101.00
1928,Ontario,Farm value per head (dollars),v62210,6.2,99.00
1929,Ontario,Farm value per head (dollars),v62210,6.2,94.00
1930,Ontario,Farm value per head (dollars),v62210,6.2,81.00
1931,Ontario,Farm value per head (dollars),v62210,6.2,88.00
1932,Ontario,Farm value per head (dollars),v62210,6.2,63.00
1933,Ontario,Farm value per head (dollars),v62210,6.2,75.00
1934,Ontario,Farm value per head (dollars),v62210,6.2,81.00
1935,Ontario,Farm value per head (dollars),v62210,6.2,92.00
1936,Ontario,Farm value per head (dollars),v62210,6.2,105.00
1937,Ontario,Farm value per head (dollars),v62210,6.2,103.00
1938,Ontario,Farm value per head (dollars),v62210,6.2,102.00
1939,Ontario,Farm value per head (dollars),v62210,6.2,92.00
1940,Ontario,Farm value per head (dollars),v62210,6.2,80.00
1941,Ontario,Farm value per head (dollars),v62210,6.2,86.00
1942,Ontario,Farm value per head (dollars),v62210,6.2,88.00
1943,Ontario,Farm value per head (dollars),v62210,6.2,109.00
1944,Ontario,Farm value per head (dollars),v62210,6.2,102.00
1945,Ontario,Farm value per head (dollars),v62210,6.2,95.00
1946,Ontario,Farm value per head (dollars),v62210,6.2,98.00
1947,Ontario,Farm value per head (dollars),v62210,6.2,99.00
1948,Ontario,Farm value per head (dollars),v62210,6.2,95.00
1949,Ontario,Farm value per head (dollars),v62210,6.2,91.00
1950,Ontario,Farm value per head (dollars),v62210,6.2,83.00
1951,Ontario,Farm value per head (dollars),v62210,6.2,86.00
1952,Ontario,Farm value per head (dollars),v62210,6.2,98.00
1953,Ontario,Farm value per head (dollars),v62210,6.2,91.00
1954,Ontario,Farm value per head (dollars),v62210,6.2,89.00
1955,Ontario,Farm value per head (dollars),v62210,6.2,114.00
1956,Ontario,Farm value per head (dollars),v62210,6.2,109.00
1957,Ontario,Farm value per head (dollars),v62210,6.2,120.00
1958,Ontario,Farm value per head (dollars),v62210,6.2,130.00
1959,Ontario,Farm value per head (dollars),v62210,6.2,142.00
1960,Ontario,Farm value per head (dollars),v62210,6.2,158.00
1961,Ontario,Farm value per head (dollars),v62210,6.2,163.00
1962,Ontario,Farm value per head (dollars),v62210,6.2,165.00
1963,Ontario,Farm value per head (dollars),v62210,6.2,171.00
1964,Ontario,Farm value per head (dollars),v62210,6.2,174.00
1965,Ontario,Farm value per head (dollars),v62210,6.2,174.00
1966,Ontario,Farm value per head (dollars),v62210,6.2,180.00
1967,Ontario,Farm value per head (dollars),v62210,6.2,191.00
1968,Ontario,Farm value per head (dollars),v62210,6.2,199.00
1969,Ontario,Farm value per head (dollars),v62210,6.2,202.00
1970,Ontario,Farm value per head (dollars),v62210,6.2,209.00
1971,Ontario,Farm value per head (dollars),v62210,6.2,204.00
1972,Ontario,Farm value per head (dollars),v62210,6.2,211.00
1973,Ontario,Farm value per head (dollars),v62210,6.2,267.00
1914,Manitoba,Farm value per head (dollars),v62211,7.2,131.00
1915,Manitoba,Farm value per head (dollars),v62211,7.2,133.00
1916,Manitoba,Farm value per head (dollars),v62211,7.2,128.00
1917,Manitoba,Farm value per head (dollars),v62211,7.2,138.00
1918,Manitoba,Farm value per head (dollars),v62211,7.2,141.00
1919,Manitoba,Farm value per head (dollars),v62211,7.2,131.00
1920,Manitoba,Farm value per head (dollars),v62211,7.2,114.00
1921,Manitoba,Farm value per head (dollars),v62211,7.2,134.00
1922,Manitoba,Farm value per head (dollars),v62211,7.2,84.00
1923,Manitoba,Farm value per head (dollars),v62211,7.2,64.00
1924,Manitoba,Farm value per head (dollars),v62211,7.2,62.00
1925,Manitoba,Farm value per head (dollars),v62211,7.2,69.00
1926,Manitoba,Farm value per head (dollars),v62211,7.2,70.00
1927,Manitoba,Farm value per head (dollars),v62211,7.2,77.00
1928,Manitoba,Farm value per head (dollars),v62211,7.2,75.00
1929,Manitoba,Farm value per head (dollars),v62211,7.2,64.00
1930,Manitoba,Farm value per head (dollars),v62211,7.2,52.00
1931,Manitoba,Farm value per head (dollars),v62211,7.2,62.00
1932,Manitoba,Farm value per head (dollars),v62211,7.2,38.00
1933,Manitoba,Farm value per head (dollars),v62211,7.2,45.00
1934,Manitoba,Farm value per head (dollars),v62211,7.2,49.00
1935,Manitoba,Farm value per head (dollars),v62211,7.2,54.00
1936,Manitoba,Farm value per head (dollars),v62211,7.2,62.00
1937,Manitoba,Farm value per head (dollars),v62211,7.2,64.00
1938,Manitoba,Farm value per head (dollars),v62211,7.2,58.00
1939,Manitoba,Farm value per head (dollars),v62211,7.2,56.00
1940,Manitoba,Farm value per head (dollars),v62211,7.2,50.00
1941,Manitoba,Farm value per head (dollars),v62211,7.2,54.00
1942,Manitoba,Farm value per head (dollars),v62211,7.2,55.00
1943,Manitoba,Farm value per head (dollars),v62211,7.2,65.00
1944,Manitoba,Farm value per head (dollars),v62211,7.2,59.00
1945,Manitoba,Farm value per head (dollars),v62211,7.2,53.00
1946,Manitoba,Farm value per head (dollars),v62211,7.2,54.00
1947,Manitoba,Farm value per head (dollars),v62211,7.2,59.00
1948,Manitoba,Farm value per head (dollars),v62211,7.2,58.00
1949,Manitoba,Farm value per head (dollars),v62211,7.2,59.00
1950,Manitoba,Farm value per head (dollars),v62211,7.2,52.00
1951,Manitoba,Farm value per head (dollars),v62211,7.2,53.00
1952,Manitoba,Farm value per head (dollars),v62211,7.2,56.00
1953,Manitoba,Farm value per head (dollars),v62211,7.2,55.00
1954,Manitoba,Farm value per head (dollars),v62211,7.2,54.00
1955,Manitoba,Farm value per head (dollars),v62211,7.2,67.00
1956,Manitoba,Farm value per head (dollars),v62211,7.2,82.00
1957,Manitoba,Farm value per head (dollars),v62211,7.2,85.00
1958,Manitoba,Farm value per head (dollars),v62211,7.2,98.00
1959,Manitoba,Farm value per head (dollars),v62211,7.2,106.00
1960,Manitoba,Farm value per head (dollars),v62211,7.2,109.00
1961,Manitoba,Farm value per head (dollars),v62211,7.2,115.00
1962,Manitoba,Farm value per head (dollars),v62211,7.2,115.00
1963,Manitoba,Farm value per head (dollars),v62211,7.2,116.00
1964,Manitoba,Farm value per head (dollars),v62211,7.2,127.00
1965,Manitoba,Farm value per head (dollars),v62211,7.2,116.00
1966,Manitoba,Farm value per head (dollars),v62211,7.2,121.00
1967,Manitoba,Farm value per head (dollars),v62211,7.2,124.00
1968,Manitoba,Farm value per head (dollars),v62211,7.2,123.00
1969,Manitoba,Farm value per head (dollars),v62211,7.2,122.00
1970,Manitoba,Farm value per head (dollars),v62211,7.2,121.00
1971,Manitoba,Farm value per head (dollars),v62211,7.2,116.00
1972,Manitoba,Farm value per head (dollars),v62211,7.2,130.00
1973,Manitoba,Farm value per head (dollars),v62211,7.2,196.00
1914,Saskatchewan,Farm value per head (dollars),v62201,8.2,148.00
1915,Saskatchewan,Farm value per head (dollars),v62201,8.2,147.00
1916,Saskatchewan,Farm value per head (dollars),v62201,8.2,150.00
1917,Saskatchewan,Farm value per head (dollars),v62201,8.2,138.00
1918,Saskatchewan,Farm value per head (dollars),v62201,8.2,149.00
1919,Saskatchewan,Farm value per head (dollars),v62201,8.2,130.00
1920,Saskatchewan,Farm value per head (dollars),v62201,8.2,108.00
1921,Saskatchewan,Farm value per head (dollars),v62201,8.2,126.00
1922,Saskatchewan,Farm value per head (dollars),v62201,8.2,67.00
1923,Saskatchewan,Farm value per head (dollars),v62201,8.2,53.00
1924,Saskatchewan,Farm value per head (dollars),v62201,8.2,60.00
1925,Saskatchewan,Farm value per head (dollars),v62201,8.2,66.00
1926,Saskatchewan,Farm value per head (dollars),v62201,8.2,66.00
1927,Saskatchewan,Farm value per head (dollars),v62201,8.2,66.00
1928,Saskatchewan,Farm value per head (dollars),v62201,8.2,65.00
1929,Saskatchewan,Farm value per head (dollars),v62201,8.2,56.00
1930,Saskatchewan,Farm value per head (dollars),v62201,8.2,50.00
1931,Saskatchewan,Farm value per head (dollars),v62201,8.2,54.00
1932,Saskatchewan,Farm value per head (dollars),v62201,8.2,34.00
1933,Saskatchewan,Farm value per head (dollars),v62201,8.2,38.00
1934,Saskatchewan,Farm value per head (dollars),v62201,8.2,42.00
1935,Saskatchewan,Farm value per head (dollars),v62201,8.2,49.00
1936,Saskatchewan,Farm value per head (dollars),v62201,8.2,56.00
1937,Saskatchewan,Farm value per head (dollars),v62201,8.2,53.00
1938,Saskatchewan,Farm value per head (dollars),v62201,8.2,50.00
1939,Saskatchewan,Farm value per head (dollars),v62201,8.2,50.00
1940,Saskatchewan,Farm value per head (dollars),v62201,8.2,45.00
1941,Saskatchewan,Farm value per head (dollars),v62201,8.2,50.00
1942,Saskatchewan,Farm value per head (dollars),v62201,8.2,52.00
1943,Saskatchewan,Farm value per head (dollars),v62201,8.2,55.00
1944,Saskatchewan,Farm value per head (dollars),v62201,8.2,48.00
1945,Saskatchewan,Farm value per head (dollars),v62201,8.2,40.00
1946,Saskatchewan,Farm value per head (dollars),v62201,8.2,42.00
1947,Saskatchewan,Farm value per head (dollars),v62201,8.2,45.00
1948,Saskatchewan,Farm value per head (dollars),v62201,8.2,46.00
1949,Saskatchewan,Farm value per head (dollars),v62201,8.2,45.00
1950,Saskatchewan,Farm value per head (dollars),v62201,8.2,38.00
1951,Saskatchewan,Farm value per head (dollars),v62201,8.2,42.00
1952,Saskatchewan,Farm value per head (dollars),v62201,8.2,43.00
1953,Saskatchewan,Farm value per head (dollars),v62201,8.2,45.00
1954,Saskatchewan,Farm value per head (dollars),v62201,8.2,46.00
1955,Saskatchewan,Farm value per head (dollars),v62201,8.2,55.00
1956,Saskatchewan,Farm value per head (dollars),v62201,8.2,65.00
1957,Saskatchewan,Farm value per head (dollars),v62201,8.2,74.00
1958,Saskatchewan,Farm value per head (dollars),v62201,8.2,79.00
1959,Saskatchewan,Farm value per head (dollars),v62201,8.2,88.00
1960,Saskatchewan,Farm value per head (dollars),v62201,8.2,92.00
1961,Saskatchewan,Farm value per head (dollars),v62201,8.2,95.00
1962,Saskatchewan,Farm value per head (dollars),v62201,8.2,99.00
1963,Saskatchewan,Farm value per head (dollars),v62201,8.2,101.00
1964,Saskatchewan,Farm value per head (dollars),v62201,8.2,104.00
1965,Saskatchewan,Farm value per head (dollars),v62201,8.2,106.00
1966,Saskatchewan,Farm value per head (dollars),v62201,8.2,110.00
1967,Saskatchewan,Farm value per head (dollars),v62201,8.2,118.00
1968,Saskatchewan,Farm value per head (dollars),v62201,8.2,117.00
1969,Saskatchewan,Farm value per head (dollars),v62201,8.2,123.00
1970,Saskatchewan,Farm value per head (dollars),v62201,8.2,118.00
1971,Saskatchewan,Farm value per head (dollars),v62201,8.2,113.00
1972,Saskatchewan,Farm value per head (dollars),v62201,8.2,130.00
1973,Saskatchewan,Farm value per head (dollars),v62201,8.2,164.00
1914,Alberta,Farm value per head (dollars),v62202,9.2,108.00
1915,Alberta,Farm value per head (dollars),v62202,9.2,113.00
1916,Alberta,Farm value per head (dollars),v62202,9.2,122.00
1917,Alberta,Farm value per head (dollars),v62202,9.2,122.00
1918,Alberta,Farm value per head (dollars),v62202,9.2,107.00
1919,Alberta,Farm value per head (dollars),v62202,9.2,94.00
1920,Alberta,Farm value per head (dollars),v62202,9.2,80.00
1921,Alberta,Farm value per head (dollars),v62202,9.2,94.00
1922,Alberta,Farm value per head (dollars),v62202,9.2,42.00
1923,Alberta,Farm value per head (dollars),v62202,9.2,40.00
1924,Alberta,Farm value per head (dollars),v62202,9.2,38.00
1925,Alberta,Farm value per head (dollars),v62202,9.2,43.00
1926,Alberta,Farm value per head (dollars),v62202,9.2,45.00
1927,Alberta,Farm value per head (dollars),v62202,9.2,52.00
1928,Alberta,Farm value per head (dollars),v62202,9.2,51.00
1929,Alberta,Farm value per head (dollars),v62202,9.2,49.00
1930,Alberta,Farm value per head (dollars),v62202,9.2,41.00
1931,Alberta,Farm value per head (dollars),v62202,9.2,46.00
1932,Alberta,Farm value per head (dollars),v62202,9.2,28.00
1933,Alberta,Farm value per head (dollars),v62202,9.2,32.00
1934,Alberta,Farm value per head (dollars),v62202,9.2,39.00
1935,Alberta,Farm value per head (dollars),v62202,9.2,42.00
1936,Alberta,Farm value per head (dollars),v62202,9.2,50.00
1937,Alberta,Farm value per head (dollars),v62202,9.2,49.00
1938,Alberta,Farm value per head (dollars),v62202,9.2,49.00
1939,Alberta,Farm value per head (dollars),v62202,9.2,45.00
1940,Alberta,Farm value per head (dollars),v62202,9.2,43.00
1941,Alberta,Farm value per head (dollars),v62202,9.2,47.00
1942,Alberta,Farm value per head (dollars),v62202,9.2,50.00
1943,Alberta,Farm value per head (dollars),v62202,9.2,55.00
1944,Alberta,Farm value per head (dollars),v62202,9.2,49.00
1945,Alberta,Farm value per head (dollars),v62202,9.2,41.00
1946,Alberta,Farm value per head (dollars),v62202,9.2,46.00
1947,Alberta,Farm value per head (dollars),v62202,9.2,48.00
1948,Alberta,Farm value per head (dollars),v62202,9.2,50.00
1949,Alberta,Farm value per head (dollars),v62202,9.2,49.00
1950,Alberta,Farm value per head (dollars),v62202,9.2,41.00
1951,Alberta,Farm value per head (dollars),v62202,9.2,44.00
1952,Alberta,Farm value per head (dollars),v62202,9.2,50.00
1953,Alberta,Farm value per head (dollars),v62202,9.2,51.00
1954,Alberta,Farm value per head (dollars),v62202,9.2,50.00
1955,Alberta,Farm value per head (dollars),v62202,9.2,62.00
1956,Alberta,Farm value per head (dollars),v62202,9.2,64.00
1957,Alberta,Farm value per head (dollars),v62202,9.2,72.00
1958,Alberta,Farm value per head (dollars),v62202,9.2,84.00
1959,Alberta,Farm value per head (dollars),v62202,9.2,93.00
1960,Alberta,Farm value per head (dollars),v62202,9.2,99.00
1961,Alberta,Farm value per head (dollars),v62202,9.2,103.00
1962,Alberta,Farm value per head (dollars),v62202,9.2,105.00
1963,Alberta,Farm value per head (dollars),v62202,9.2,109.00
1964,Alberta,Farm value per head (dollars),v62202,9.2,112.00
1965,Alberta,Farm value per head (dollars),v62202,9.2,112.00
1966,Alberta,Farm value per head (dollars),v62202,9.2,120.00
1967,Alberta,Farm value per head (dollars),v62202,9.2,132.00
1968,Alberta,Farm value per head (dollars),v62202,9.2,131.00
1969,Alberta,Farm value per head (dollars),v62202,9.2,142.00
1970,Alberta,Farm value per head (dollars),v62202,9.2,139.00
1971,Alberta,Farm value per head (dollars),v62202,9.2,133.00
1972,Alberta,Farm value per head (dollars),v62202,9.2,154.00
1973,Alberta,Farm value per head (dollars),v62202,9.2,188.00
1914,British Columbia,Farm value per head (dollars),v62203,10.2,119.00
1915,British Columbia,Farm value per head (dollars),v62203,10.2,102.00
1916,British Columbia,Farm value per head (dollars),v62203,10.2,108.00
1917,British Columbia,Farm value per head (dollars),v62203,10.2,118.00
1918,British Columbia,Farm value per head (dollars),v62203,10.2,123.00
1919,British Columbia,Farm value per head (dollars),v62203,10.2,129.00
1920,British Columbia,Farm value per head (dollars),v62203,10.2,126.00
1921,British Columbia,Farm value per head (dollars),v62203,10.2,97.00
1922,British Columbia,Farm value per head (dollars),v62203,10.2,78.00
1923,British Columbia,Farm value per head (dollars),v62203,10.2,75.00
1924,British Columbia,Farm value per head (dollars),v62203,10.2,71.00
1925,British Columbia,Farm value per head (dollars),v62203,10.2,75.00
1926,British Columbia,Farm value per head (dollars),v62203,10.2,78.00
1927,British Columbia,Farm value per head (dollars),v62203,10.2,78.00
1928,British Columbia,Farm value per head (dollars),v62203,10.2,76.00
1929,British Columbia,Farm value per head (dollars),v62203,10.2,77.00
1930,British Columbia,Farm value per head (dollars),v62203,10.2,72.00
1931,British Columbia,Farm value per head (dollars),v62203,10.2,55.00
1932,British Columbia,Farm value per head (dollars),v62203,10.2,54.00
1933,British Columbia,Farm value per head (dollars),v62203,10.2,55.00
1934,British Columbia,Farm value per head (dollars),v62203,10.2,56.00
1935,British Columbia,Farm value per head (dollars),v62203,10.2,58.00
1936,British Columbia,Farm value per head (dollars),v62203,10.2,65.00
1937,British Columbia,Farm value per head (dollars),v62203,10.2,70.00
1938,British Columbia,Farm value per head (dollars),v62203,10.2,73.00
1939,British Columbia,Farm value per head (dollars),v62203,10.2,75.00
1940,British Columbia,Farm value per head (dollars),v62203,10.2,76.00
1941,British Columbia,Farm value per head (dollars),v62203,10.2,58.00
1942,British Columbia,Farm value per head (dollars),v62203,10.2,62.00
1943,British Columbia,Farm value per head (dollars),v62203,10.2,103.00
1944,British Columbia,Farm value per head (dollars),v62203,10.2,101.00
1945,British Columbia,Farm value per head (dollars),v62203,10.2,96.00
1946,British Columbia,Farm value per head (dollars),v62203,10.2,100.00
1947,British Columbia,Farm value per head (dollars),v62203,10.2,98.00
1948,British Columbia,Farm value per head (dollars),v62203,10.2,102.00
1949,British Columbia,Farm value per head (dollars),v62203,10.2,98.00
1950,British Columbia,Farm value per head (dollars),v62203,10.2,96.00
1951,British Columbia,Farm value per head (dollars),v62203,10.2,79.00
1952,British Columbia,Farm value per head (dollars),v62203,10.2,84.00
1953,British Columbia,Farm value per head (dollars),v62203,10.2,81.00
1954,British Columbia,Farm value per head (dollars),v62203,10.2,74.00
1955,British Columbia,Farm value per head (dollars),v62203,10.2,74.00
1956,British Columbia,Farm value per head (dollars),v62203,10.2,77.00
1957,British Columbia,Farm value per head (dollars),v62203,10.2,82.00
1958,British Columbia,Farm value per head (dollars),v62203,10.2,95.00
1959,British Columbia,Farm value per head (dollars),v62203,10.2,107.00
1960,British Columbia,Farm value per head (dollars),v62203,10.2,112.00
1961,British Columbia,Farm value per head (dollars),v62203,10.2,122.00
1962,British Columbia,Farm value per head (dollars),v62203,10.2,125.00
1963,British Columbia,Farm value per head (dollars),v62203,10.2,131.00
1964,British Columbia,Farm value per head (dollars),v62203,10.2,135.00
1965,British Columbia,Farm value per head (dollars),v62203,10.2,139.00
1966,British Columbia,Farm value per head (dollars),v62203,10.2,144.00
1967,British Columbia,Farm value per head (dollars),v62203,10.2,159.00
1968,British Columbia,Farm value per head (dollars),v62203,10.2,165.00
1969,British Columbia,Farm value per head (dollars),v62203,10.2,178.00
1970,British Columbia,Farm value per head (dollars),v62203,10.2,180.00
1971,British Columbia,Farm value per head (dollars),v62203,10.2,169.00
1972,British Columbia,Farm value per head (dollars),v62203,10.2,190.00
1973,British Columbia,Farm value per head (dollars),v62203,10.2,220.00
